"Nombre","Direccion","Descripcion","Tipo de acceso","Tipo de Patrimonio","Grupo","Componente","Elemento","Georefenciacion","Tipo Propiedad"
"Casa de Rosa María Saleme Martínez","Carrera 18 No. 3 - 41","Esta vivienda data de 1924 y fue construida por Gabriel Martínez. Es una edificación en madera con piso de mosaico su importancia radica en la procedencia del material con que fue construida y no en la utilización de elementos decorativos. Pertenece a la categoría de viviendas de madera de la élite ya que todo el material con que fue construida fue traído de Suiza. Desde sus inicios fue utilizada como vivienda solo consta de un piso pero presenta un cambio de nivel considerable con relación a la calle teniendo en cuenta que en la época en que fue construida Lorica era propensa a inundaciones. La altura de la vivienda es dos veces la escala humana. Su organización interior es del tipo lineal presentando un corredor cubierto en la fachada donde la cubierta es sostenida por columnas en madera equidistantes entre las cuales existe una balaustrada. Sus ventanas son en arco peraltado al igual que las puertas. La cubierta es en zinc a dos aguas que se dejan ver también tiene cielo raso en madera con molduras que se han conservado hasta la fecha. Equipos de acondicionamiento de aire en la fachada le restan valores patrimoniales. El bien inmueble fue incluido entre los que hacen parte de la declaratoria de patrimonio del centro histórico por el Ministerio de Cultura.","Terrestre","Patrimonio cultural material inmueble","Grupo arquitectónico","Arquitectura habitacional","Vivienda urbana","9.228000  -75.818400","Privada"
"Casa de Nicolás Sánchez Arteaga","Carrera 18 No. 2 A - 05","Edificación construida en el año 1925 que consta de un solo piso. Carece de elementos decorativos pero cuenta con columnas altas  que si bien no cumplen ninguna función estructural le dan majestuosidad a la vivienda.  En su interior el espacio dominante es la sala – comedor con una comunicación hacia el gran patio sitio importante de las viviendas de la época. En uno de los lados del patio se encuentran localizados los servicios de baño – cocina. La vivienda está adosada en sus dos lados presentando siete columnas equidistantes entre sí las cuales soportan un alero recortado. La terraza del edificio se encuentra en forma de L bordeando las fachadas cubierta por un alero recortado. La edificación se encuentra en un nivel más alto que la calle como prevención a las inundaciones de que era víctima la población de Lorica. Las ventanas y las puertas son con arco de medio punto en las ventanas se utiliza el modelo de sol naciente para lograr una ventilación llamada “de tímpano” los vanos de las puertas y ventanas son fabricados en madera sin ningún detalle decorativo o estilo específico. El bien inmueble fue incluido entre los que hacen parte de la declaratoria de patrimonio del centro histórico por el Ministerio de Cultura.","Terrestre","Patrimonio cultural material inmueble","Grupo arquitectónico","Arquitectura habitacional","Vivienda urbana","9.227100  -75.818700","Privada"
"Cementerio central","Carrera 26 con calles 9 y 10","Según información testimonial el camposanto se creó en 1910 y en 1935 ya contaba con el pórtico republicano de acceso y el cerramiento con balaustrada que presenta en la actualidad. En principio fue un terreno baldío que se usó para enterrar a los muertos luego en los años 1942 y 1943 se impulsa la organización del cementerio de carácter regional. Para esta misma época se ordena el primer cerramiento y por las condiciones del lugar se hace un muro de contención que sirve como circulación de los peatones alrededor del cementerio. Existen aproximadamente 120 mausoleos considerados de valor histórico arquitectónico cuyos estilos son singulares siendo además unidades de diferentes dimensiones y áreas donde cada uno tiene su tipología. Conserva pisos en mosaico de baldosa de cemento. En él se encuentran personas y familias reconocidas como el General Zarante los Jattin Saleme González y el reconocido personaje El Pachanga creación del escritor David Sánchez Juliao. Los restos de otros personajes como el Padre Bersal o David Sánchez Juliao se encuentran en la catedral.","Terrestre","Patrimonio cultural material inmueble","Grupo arquitectónico","Arquitectura institucional","Funeraria","9.232200  -75.813400","Pública"
"Centro de Formación Técnica y Profesional del Bajo Sinú","Calle 1 N° 8-10","Esta edificación fue construida en 1940 con diseño especial para una fábrica de productos lácteos dentro del estilo republicano común por esa época. Además cuando se inició el servicio de energía eléctrica se convirtió en la fábrica para construir grandes bloques de hielo que se distribuían en toda la región. El edificio se compone de una nave central y dos naves laterales con un área total de 2000 m2 está ubicado por fuera del centro histórico. Como fue diseñada para uso industrial mantiene su estilo muy discreto en ornamentación pero con elementos arquitectónicos y estructurales significativos y espacios internos adaptados a la formación ya que actualmente funciona como una institución educativa.","Terrestre","Patrimonio cultural material inmueble","Grupo arquitectónico","Arquitectura institucional","Edificación para la educación","9.225400  -75.828800","Pública"
"Complejo Comercial Edificio La Isla","Calle 1 No. 18-03","Esta edificación data de comienzos del siglo XX aproximadamente de 1910 en ella se ha desarrollado desde sus inicios una actividad comercial. La planta es rectangular irregular sus cuatro fachadas son de diferentes dimensiones pero simétricas. Su importancia radica en la elaboración de una serie de columnas perimetrales que más que una función estructural cumplen un importante papel decorativo dándole realce y categoría. Sin detalles de carpintería los materiales utilizados en esta construcción son: ladrillos piso mosaico en baldosa de cemento techo de zinc hierro utilizado en los aleros. La terraza está cubierta por un alero perimetral recortado característico de la época. Los muros tienen un espesor aproximado de 30cms las puertas están enmarcadas por un pórtico en todas y cada una de ellas. Los frontones tienen una altura correspondiente a una vez la escala humana lo cual era poco usual en ese momento de la historia y el estilo arquitectónico vigente en que las construcciones eran monumentales. También encontramos una serie de balaustradas en la parte superior rodeando la edificación protegiendo la cubierta. El bien inmueble fue incluido entre los que hacen parte de la declaratoria de patrimonio del centro histórico por el Ministerio de Cultura.","Terrestre","Patrimonio cultural material inmueble","Grupo arquitectónico","Arquitectura institucional","Arquitectura para el comercio","9.227100  -75.818700","Privada"
"Edificio Fernando Usme Alarcón","Carrera 19 No. 2-31","Edificación que data del año 1923 única de la época con tres pisos de altura. Su planta es rectangular la primera se usa como locales comerciales y la segunda y tercera como vivienda. La fachada principal es totalmente simétrica presenta una serie de balcones corridos en voladizo con una balaustrada los perfiles de las losas de los balcones presentan varios elementos decorativos. Los balcones están sostenidos por vigas acarteladas colocadas equidistantes una de la otra con una serie de molduras que sirven como decoración. A diferencia de otras viviendas similares el frontón es completamente liso simplemente cubre la cubierta de zinc invisible desde la calle. Fue restaurado interiormente a principios de la década de los años 90 cuando fue adquirido por un inversionista que lo compró a la familia Caraballo Mogollón que lo tuvo durante más de cuarenta años pero que hoy lleva el nombre del nuevo propietario. El bien inmueble fue incluido entre los que hacen parte de la declaratoria de patrimonio del centro histórico por el Ministerio de Cultura.","Terrestre","Patrimonio cultural material inmueble","Grupo arquitectónico","Arquitectura habitacional","Vivienda urbana","9.226900  -75.818300","Privada"
"Edificio Josefina Jattin de Manzur","Calle 2 No. 18-23","Consta de dos pisos. La primera planta es utilizada como locales comerciales y la segunda tiene uso residencial. En cada una de las fachadas del primer y segundo piso hay seis puertas que dan a la calle y al balcón respectivamente sin ventanas. En las fachadas hay pocos elementos decorativos el balcón corrido y redondeado en la esquina tiene un balaustrado elaborado en yeso rematado con una moldura decorativa y se apoya en cartelas decorativas tal que no queda en voladizo lo mismo que el alero pero en menor escala puesto que la carga es menor. Su cubierta es en losa y dispone de un sistema de iluminación cenital que consiste en dejar una altura falsa en la losa que permite la iluminación y la ventilación internas. Fue construido junto con el edificio Teresita Corrales de Martínez como una sola edificación en 1890 pero en 1940 fueron separados y éste fue cambiado en su totalidad quedando con el aspecto que hoy presenta en la fachada.","Terrestre","Patrimonio cultural material inmueble","Grupo arquitectónico","Arquitectura habitacional","Vivienda urbana","9.226600  -75.818800","Privada"
"Edificio Teresita Corrales de Martínez","Calle 2 No. 18-03","Data de 1890 es una de las edificaciones más antiguas y mejor conservadas remodelada después del temblor de 1945. Inicialmente estaba unida al edificio Josefina Jattin de Manzur de la cual se separó conservando las mismas características iniciales con pocas variaciones. Es un edificio de dos plantas en que la segunda planta es vivienda y la primera son locales comerciales como es común en el centro histórico. La segunda planta tiene una estructuración arquitectónica lineal donde el eje está constituido por el estar y el comedor. Hay dos fachadas adosadas donde cada una tiene características diferentes entre sí con arcos de medio punto en el primer piso y en el segundo una terraza con un balaustrado de yeso en los balcones inicialmente en madera. La fachada sobre la calle 2 en el primer piso presenta puertas de acceso a los locales comerciales con los arcos de medio punto y sus aleros. Las puertas del segundo piso son cuadradas con hojas en madera que antiguamente eran arcadas. El balcón es en yeso y concreto y la cubierta es en losa de concreto con un frontón de doble altura con elementos decorativos sobresalientes imitando merlones coloniales. Sirvió como locación del cortometraje “¿Por qué me llevas al hospital en canoa papá?” basado en un cuento del escritor loriquero David Sánchez Juliao (qepd).","Terrestre","Patrimonio cultural material inmueble","Grupo arquitectónico","Arquitectura habitacional","Vivienda urbana","9.226600  -75.818800","Privada"
"Plaza de la Cruz de Mayo","Calle 2 entre Carreras 18 y 19","El terreno donde funciona esta plaza fue cedido por los hermanos Martínez Sossa terratenientes de la región a finales del Siglo XIX. En ella se encuentra un monumento a la Santa Cruz colocado sobre una plaza que data de 1930. Tiene un área aproximada de 1400 m2 y ha sido remodelada dos veces siendo el primer rediseño en 1990 donde se arborizó se le construyeron bahías de estacionamiento y el área de circulación peatonal. En 2017 la remodelación se basó en dotar de espacios a las personas agregando sillas en mármol y enalteciendo el monumento. La rodean siete edificaciones patrimoniales que le confieren a este espacio de parque y plazoleta un alto valor estético y simbólico: el Club Lorica la casa de Carmelo Vargas Arteaga la casa de Ana Gabriela Martínez de Martelo el edificio de Juan Franco Piedrahíta el edificio de Jorge Jiménez Vargas el edificio de Aida Amín de Jiménez y la casa de Nicolás Sánchez Arteaga. En ella se conmemora anualmente el onomástico de la ciudad y también se llevan a cabo actos protocolarios y culturales.","Terrestre","Patrimonio cultural material inmueble","Grupo urbano o rural","Elementos del espacio público","Plaza","9.227300  -75.818300","Pública"
"Plaza del Monumento al Padre de la Patria","Calles 4 y 4A con carrera 21","Inicialmente se conocía como “Plaza de la Ermita” porque había una pequeña ermita en sus alrededores. Su construcción dio inicio en 1930 y se culminó en 1939. Tiene 600 m2 aproximadamente y es un obelisco de siete metros de altura que en su cúspide mantiene un águila como figura representativa de la majestuosidad y la autoridad que ha venido a constituirse en una de las principales imágenes y símbolos de marca de Lorica. Se localiza en el mismo lugar donde el almirante José Prudencio Padilla liberó definitivamente a Santa Cruz de Lorica del régimen español en 1821. Es un sitio de encuentro que se ha utilizado históricamente para realizar actos culturales políticos y populares porque el área lo permite además por ser área representativa por la existencia del obelisco en el subconsciente popular se siente la necesidad de utilizarlo cuando llegan personalidades a la plaza pública como presidentes de la república y otros de alto rango.","Terrestre","Patrimonio cultural material inmueble","Grupo urbano o rural","Elementos del espacio público","Plaza","9.227900  -75.816800","Pública"
"Casa Ana Gabriela Martínez de Martelo","Carrera 19 No. 2A-36","Construida en 1929 inicialmente era una clínica y hoy es una vivienda. Rectangular con una sola fachada que da a la plaza de la cruz. Consta de un piso y una organización central que pasa del acceso a la sala y desde este punto se puede ir a la izquierda la derecha o el frente dirigiéndose a las alcobas y al comedor. Cocina y baños en el patio característica de la época ventilada e iluminada por un patio social. Pocos trabajos de carpintería que se observan en la fachada la cual cuenta con varios elementos decorativos. La cubierta es en zinc con entramado en madera y cielo raso con molduras en madera y acabados en yeso en todos los bordes de las habitaciones. El frontón lo sostienen columnas sin estilo definido con capitel esculpido decorado fuste con estrías hasta su tercera parte y altos relieves a la base además calados en forma de cruz logrando la imagen de un encaje que corona la vivienda intercalando elementos decorativos y un balaustre. Los arcos de la fachada son de medio punto tienen en altorrelieve un elemento en yeso y como protección se usó vidrio de diferentes colores. En la parte superior de puertas y ventanas existe un calado individual en forma de cruz también en yeso. Los calados del frontón y el enrejado son utilizados en el interior de la vivienda separan la sala del comedor y éste del patio social con remates en yeso.","Terrestre","Patrimonio cultural material inmueble","Grupo arquitectónico","Arquitectura habitacional","Vivienda urbana","9.227300  -75.818300","Privada"
"Catedral de Santa Cruz de Lorica","Calle 2 carrera 17","Esta edificación data del Siglo XIX inicialmente era una iglesia tradicional pero con la intervención del padre Lácides C. Bersal quien gozó de reconocimiento departamental adquirió características arquitectónicas y esto incentivó a los loriqueros para convertirla en catedral. Esta conserva las características de tipo religioso con una planta rectangular aunque cuando fue construida las casas curales no eran comunes ya que en esa época predominaban los conventos. La circulación es una organización del tipo lineal donde las bancas de los fieles se ubican a lado y lado de los corredores central y lateral todas mirando hacia el altar mayor. Se cree que es anterior a 1800 a la fecha ha sido remodelada en tres oportunidades: la primera en 1896 la segunda en 1910 y la tercera hacia 1922. Las dos últimas fueron dirigidas por el vicario Lácides C. Bersal quien llegó a Lorica procedente de Cartagena a finales del Siglo XIX. En 1929 se instaló el reloj traído de Italia y donado por la colonia sirio - libanesa. Las campanas fueron traídas de Lisboa y las imágenes de bronce del exterior son de origen francés.","Terrestre","Patrimonio cultural material inmueble","Grupo arquitectónico","Arquitectura religiosa","Templo","9.227000  -75.819000","Privada"
"Centro Histórico de Lorica","Entre las calles 1 y 4B y las carreras 17 y 20","El Centro Histórico de Lorica está conformado por 19 bienes inmuebles que fueron reconocidos por la resolución No. 0796 del 16 de junio de 2000 del Ministerio de Cultura previo concepto del Consejo de Monumentos Nacionales que además delimitó el área objeto de declaratoria de patrimonio por parte de esa entidad. Se trata de casas construcciones y edificios que corresponden al estilo arquitectónico republicano construidos en la primera mitad del siglo XX en que se destacan casas de familia edificaciones de uso comercial institucional y religioso. El área declarada incluye plazas parques bustos monumentos y el Mercado Público reconocido como Monumento Nacional desde 1996 destacándose entre ellos el Edificio González donde funciona la Alcaldía Municipal la iglesia y el Palacio de las Trece Columnas donde funciona el Concejo Municipal. En el pasado fue objeto de sucesivos incendios e inundaciones estas últimas por los fuertes inviernos que hacían que el Río Sinú creciera e inundara los espacios poblados. El río hace que se destaque por ser una ciudad comercial en un comienzo dependiente de Cartagena desde donde llegan quienes empezaron a construir edificaciones lo cual se fortaleció con la inmigración de Sirio Libaneses en los años 1800 quienes en su mayoría fueron los pioneros de la transformación urbanística sufrida por la ciudad al ser ellos mismos los propietarios de los bienes inmuebles de carácter patrimonial.","Terrestre","Patrimonio cultural material inmueble","Grupo urbano o rural","Sector urbano o rural de interés","Sector urbano de interés","9.226700  -75.819200","Pública"
"Club Lorica","Calle 3 No. 18-03","Construido en el año 1950 con poca ornamentación y de carácter sobrio como corresponde a edificios que han sido no residenciales. Sus espacios interiores giran en torno a un espacio abierto central y se encuentran circundadas por arcos de medio punto sostenidas por columnas rectangulares características propias del estilo colonial aunque fue construida en el período republicano con materiales y técnicas diferentes a las de la Colonia que tienen que ver con el uso del concreto reforzado para la placa de entrepiso y las columnas internas que vienen a reemplazar los muros de carga de mampostería más anchos. La edificación tiene en la parte trasera un segundo piso que ocupa la mitad de la planta conservando el espacio abierto y las arcadas de medio punto. Consta de dos fachadas adosadas y dos libres donde la principal que da a la calle 2 tiene siete ventanas de igual tamaño y la puerta de acceso la segunda está sobre la carrera 18 y es donde se aprecia la doble altura de la construcción.","Terrestre","Patrimonio cultural material inmueble","Grupo arquitectónico","Arquitectura institucional","Escenario para la recreación y el deporte","9.227400  -75.818500","Privada"
"Edificio Afife Matuk","Calle 1 No. 20 - 02","El edificio fue construido en concreto por Pedro Barrios en 1929 en él participaron los mismos obreros que hicieron las defensas del Mercado Público del municipio hacia el Río Sinú. De un solo piso cuenta con cuatro fachadas dos sobre la plaza del Pastelillo y dos hacia el río todas rematadas en ático con frontón en cemento decorado y la inscripción en alto relieve del nombre de la edificación en este caso Afife Matuk esposa del propietario Checry S. Fayad conocido comerciante libanés dueño de fábricas de jabón curtiembres ganadero y agente de las embarcaciones Damasco y Sinú que navegaban por el río. Restaurado según el criterio de intervención y conservación arquitectónica integral fue comprado por su actual propietario en el año 2006 a los sucesores de Checry S. Fayad. El bien inmueble fue incluido entre los que hacen parte de la declaratoria de patrimonio del centro histórico por el Ministerio de Cultura.","Terrestre","Patrimonio cultural material inmueble","Grupo arquitectónico","Arquitectura habitacional","Vivienda urbana","9.226300  -75.818800","Privada"
"Edificio Dolores M. de Caraballo","Calle 2 Nº 19 – 04","Construido por José Bravo en 1936. En sus inicios sirvió de sede al Club Unión en la segunda planta reconocido sitio de reunión de la colonia sirio-libanesa residente en Lorica. Es un edificio esquinero que presenta en sus dos fachadas elementos decorativos en alto relieve balcones con balaustradas en cemento pequeños parasoles sobre sus puertas y un frontón con el nombre de sus antiguos propietarios. Con un patio interno en la segunda planta el eje central es lo que fue en su momento la sala – comedor y en la primera planta como es común una organización arquitectónica que permite el funcionamiento como locales comerciales. En el frontón está grabado el nombre de la propietaria como era usual por la época de su construcción por parte de familias pudientes. Adquirido por la administración municipal en 2006 para el funcionamiento de una sede de la Fiscalía General de la Nación pero esto no sucedió y actualmente se encuentra desocupado. A su alrededor en sus dos fachadas proliferan en la calle ventas informales que ocupan el espacio público. El bien inmueble fue incluido entre los que hacen parte de la declaratoria de patrimonio del centro histórico por el Ministerio de Cultura.","Terrestre","Patrimonio cultural material inmueble","Grupo arquitectónico","Arquitectura habitacional","Vivienda urbana","9.226500  -75.818400","Pública"
"Edificio González","Calle 1 carrera 18 - Esquina","Denominado inicialmente Edificio Martínez. Fue construido en 1929 por José Bravo. Posee tres fachadas una sobre el río Sinú otra sobre el Mercado Público y la principal sobre el Parque Bolívar todas en mampostería. De arquitectura estilo republicano en el segundo piso se destaca la filigrana en cemento de los balcones y el decorado del friso. Remata en ático con balaustrada del mismo material y frontón esquinero con el nombre del edificio en alto relieve a la usanza de la época en que se construyó para mostrar un sentido del poder por parte de sus propietarios. Refuncionalizado a partir de su compra por parte de la Alcaldía Municipal en 2005 y su posterior adecuación. Su interior gira alrededor de un patio central donde se albergan las dependencias administrativas en primera y segunda planta. Se destaca en su muro medianero interno un relieve artístico de 12 metros de ancho por 2.5 de alto obra del maestro Adriano Ríos Sossa el cual representa la historia de Santa Cruz de Lorica. En la fachada frente al Mercado Público se encuentra un Punto de Información Turística – PIT. El bien inmueble fue incluido entre los que hacen parte de la declaratoria de patrimonio del Centro Histórico por el Ministerio de Cultura.","Terrestre","Patrimonio cultural material inmueble","Grupo arquitectónico","Arquitectura institucional","Edificación gubernamental","9.227100  -75.818700","Pública"
"Malecón del Sinú","Calle 1 entre carreras 13 y 24","Después de una grave inundación ocurrida en 1938 donde se inundó la Calle del Puerto se procedió a la construcción de las denominadas murallas para contener las crecidas del Río Sinú que hace una curva en frente del municipio golpeando directamente la corriente. Entre los años 1940 y 1943 se construyó el Malecón La Muralla un sistema de contención de aproximadamente 220 metros de longitud y 7 metros de ancho apoyado en pilotes de concreto en él atracaban las embarcaciones que navegaban el Sinú. El malecón fue ampliado y remodelado durante el 2015 y fue entregado para el año 2016 denominándose en adelante: Malecón del Sinú tiene cerca de 1 Kilómetro de longitud y limita con el Río Sinú y con la avenida Enrique Olaya Herrera que va paralela al río. El Malecón del Sinú cuenta con seis tramos en los que se destacan los siguientes espacios: un sendero peatonal zonas de embarque de canoas pesqueras ciclo rutas el sitio del obelisco y en la parte final hacia el oeste un parque biosaludable. Está pensado para el disfrute colectivo y es utilizado para la contemplación el esparcimiento la tertulia y el deporte.","Terrestre","Patrimonio cultural material inmueble","Grupo urbano o rural","Elementos del espacio público","Otro","9.226000  -75.822100","Pública"
"Mercado Público de Santa Cruz de Lorica","Carreras 19 y 21A con calles 1 y 4","Declarado Monumento Nacional en 1996 siendo la más emblemática de las edificaciones del municipio. Dado el carácter de emporio comercial de Lorica por la época de su construcción en 1929 el mercado público se constituyó en un sitio estratégico para el comercio porque por allí entraba toda la mercancía de la región y se cargaba la que salía desde el puerto en todo tipo de embarcaciones con fines comerciales. A finales del Siglo XIX el mercado funcionaba en una construcción rústica conocida popularmente como El Ranchón. La construcción actual en mampostería con cubierta de zinc fue levantada en 1929 por gestión del cura Lácides C. Bersal. Lo conforman cuatro fachadas dos mayores una sobre el Río Sinú y la otra sobre la calle 1 simétricas cada una con quince arcos rebajados y 16 columnas rematadas por un ático con balaustrada en cemento que cuenta con un frontón decorado y un emblema en el que se lee “Mercado Público” en alto relieve. Desde la creación de la red ferroviaria y de carreteras el río perdió importancia como canal de comunicaciones y debido a ello el mercado pasó a ser lugar de venta de artesanías comida típica aliños granos y especias.","Terrestre","Patrimonio cultural material inmueble","Grupo arquitectónico","Arquitectura institucional","Arquitectura para el comercio","9.225900  -75.818300","Pública"
"Mural del Puerto","Calle 1 con Carrera 16 - Esquina","Mural en cerámica de arcilla industrializada tipo relieve de 8 mts de ancho por 125mts de alto. Ubicado sobre el Malecón del Sinú y construido por escultor loriquero Adriano Ríos Sossa. Cuenta la historia de Santa Cruz de Lorica de los últimos años recreando mediante el arte hechos relevantes situaciones cotidianas y apartes de la historia como la fábrica de jabones El Angelito y el jarabe de la Farmacia León los almacenes árabes y las tiendas de judíos como se les denominaba. Están recreados el médico y etnólogo de reconocido Manuel Zapata Olivella y un poema de su sobrino Alexis Zapata que le rinde homenaje. A su lado el doctor Díaz Díaz lleva en la mano una carpeta de abogado anunciando que el progreso le ha salido caro a Lorica pues precisamente a partir de las nuevas carreteras y de la creación del departamento esta ciudad próspera de principio de siglo fue quedando vacía y rezagada entre otros sucesos históricos que marcaron a Lorica.","Terrestre","Patrimonio Cultural Mueble","Obras en espacio público","Relieve","Relieve","9.226600  -75.819900","Pública"
"Palacio de las Trece Columnas","Calle 4 No. 18-19","Su construcción se inició a finales del Siglo XIX en 1880 bajo el mandato del alcalde Juan Burgos Villadiego y se completó en 1915 cuando era alcalde Joaquín Prioló. Tiene forma rectangular en su planimetría con una altura de un piso. Como su construcción se inició antes de que existiera el sector amurallado en el Río Sinú (conocido inicialmente como la muralla) el nivel del  piso es mayor que el de la calle para protegerla de las inundaciones. Conocido tradicionalmente como Palacio de las Trece Columnas donde antes funcionó la Alcaldía Municipal  la Cárcel Municipal y estación de policía y hoy es sede del Concejo Municipal de Lorica.","Terrestre","Patrimonio cultural material inmueble","Grupo arquitectónico","Arquitectura institucional","Edificación gubernamental","9.228200  -75.818200","Pública"
"Parque Lácides C. Bersal","Carrera 18 con diagonal 3 - Esquina","Antes llamado “Parque La Fraternidad” hoy lleva el nombre de Lácides C. Bersal fue rebautizado con este nombre en los años 60 en honor al sacerdote considerado como ilustre hijo adoptivo de Lorica quien tuvo a su cargo la remodelación de la Iglesia la construcción del Mercado Público y la residencia de doña Ana Clara Bersal Rossi demolida en los años 70. Con un área de 562 M2 lo separa de la iglesia la calle peatonal denominada “Paseo Bersal”. Este parque fue integrado desde el año 2016 en el proyecto de recuperación paisajística de integración de parques y plazas siendo objeto de remodelación y dotándolo de obras de urbanismo jardinería y adoquinamiento de andenes y demás elementos del espacio público. Posee alto valor estético por su tipología y acabados arquitectónicos.","Terrestre","Patrimonio cultural material inmueble","Grupo urbano o rural","Elementos del espacio público","Parque urbano","9.227100  -75.819000","Pública"
"Parque Simón Bolívar","Calle 1 entre carreras 17 y 18","También se conocido como &acuteParque o Plaza Central&acute. Limitado por la Iglesia edificio Moisés Jattin casa Berenice de Pardo edificio González edificio de comercios la Isla casa de Humberto Martelo y parque Lácides C. Bersal todas edificaciones de comienzos del Siglo XX con arquitectura republicana que poseen valor estético por su tipología y los acabados arquitectónicos muchos de ellos aun conservados en el tiempo. Fue construido en la década de los años 50 del Siglo XX posee un área de 500 m2 y se levantó sobre la plaza del mismo nombre en la que hacia 1937 se realizaban las famosas corralejas que posteriormente fueron trasladadas a la plaza de Santa Teresita. Ha sido remodelado en tres ocasiones. En uno de sus extremos está localiza la estatua a Simón Bolívar instalada en 1994. Es un espacio abierto que simula una plazoleta con arborización lateral y bancas. Es un importante para locales y turistas ya allí se encuentra el atrio de la Iglesia Central y es el sitio de encuentro de eventos culturales y recreativos de alta convocatoria. Después de la última remodelación en 2017 se instalaron bancas bolardos un sistema de pérgolas que ayudan a aliviar el calor del sol canecas de basura y señalización.","Terrestre","Patrimonio cultural material inmueble","Grupo urbano o rural","Elementos del espacio público","Parque urbano","9.226600  -75.819300","Pública"
"Puente 20 de Julio","Carrera 21 entre calles 5 y 6 C","Conocido también como “Puente Viejo” cuya construcción se dice que inició a finales del Siglo XIX para comunicar el sector histórico y señorial con el resto de la “nueva ciudad” que crecía en forma lineal a lo largo del camino real de los populares barrios de Arenal y San Pedro. Finalizada su construcción se inauguró en el año 1910 lo que resultaría en un puente aporticado de estilo republicano con catorce arcos de medio punto sobre el caño Chimalito con altos valores estéticos que permitía el cruce y tránsito de personas carruajes y animales hasta el Centro Histórico. Hoy día está adoquinado en sus 120 metros de longitud y 3 metros de ancho.","Terrestre","Patrimonio cultural material inmueble","Grupo arquitectónico","Obras de ingeniería e infraestructura","Otro","9.229200  -75.816700","Pública"
"Ciénaga de Bañó","Zona rural del municipio","La Ciénaga de Bañó es un humedal de 326ha declarado como Distrito de Conservación de los Suelos en el año 2013. Este lugar permite desarrollar procesos de conservación de especies como los huevos del pato pisingo y la liberación de hicoteas o tortugas de agua y a su vez es un área importante para la conservación de las aves en los Andes Tropicales  por lo que obtuvo el primer puesto en el Censo Nacional de Aves Acuáticas al tener el mayor número de especies registradas. La ciénaga está enriquecida por un ecosistema apreciable de plantas acuáticas como tarulla y verdolaga arboles como ceiba y camajón peces como bocachico y mojarra aves nativas y migratorias como chavarrí y gavilán especies de réptiles como babilla e iguana  y mamíferos como oso hormiguero y ardilla.","Terrestre","Áreas protegidas","Áreas con declaratorias departamentales","Áreas con declaratorias departamentales","Áreas con declaratorias departamentales","9.136800  -75.818300","Pública"
"Ciénaga Grande de Lorica","Zona rural del municipio","Por su extensión (38.000 hectáreas totales y 12.000 en verano) es uno de los humedales más importantes en toda la cuenca del Río Sinú en el Departamento de Córdoba. Con 12.000ha en Lorica al interior se encuentra una asociación de varios cuerpos de agua transitoria y permanente. El ecosistema alberga el 46% (182 especies) de la población de aves registradas en Córdoba (396 especies). Debido a la gran riqueza de aves que el ecosistema mantiene y siendo el más importante de los humedales que tiene la cuenca del Río Sinú ha sido reconocido como área de importancia para la conservación de aves (AICA). La profundidad va de 4.5 a 5.5 metros. La ciénaga involucra también los municipios Purísima Momil Chimá y Cotorra. Su función amortiguadora del nivel del río en la época lluviosa de abril a noviembre evita las inundaciones excesivas el enriquecido entorno ecológico que se forma gracias al intercambio de aguas entre ecosistemas de tipo léntico (las lagunas) y lótico (el río) la convierten en un hábitat que alberga gran variedad de fauna y flora. Estas aguas históricamente han sido aprovechadas por los habitantes sinuanos que han desarrollado toda una economía de pesca y comercio a su alrededor. En 2007 fue objeto de declaratoria como Distrito de Manejo Integrado por parte de la CVS autoridad ambiental.","Terrestre","Áreas protegidas","Áreas con declaratorias departamentales","Áreas con declaratorias departamentales","Áreas con declaratorias departamentales","9.221300  -75.778400","Pública"
"Río Sinú","Calle 1 entre carrera 9 y 22","El Río Sinú nace en el Nudo de Paramillo en el departamento de Antioquia desembocando en Boca de Tinajones municipio de san Bernardo del Viento en el mar Caribe. Por su dinámica hidrobiológica es considerado entre los más fértiles del mundo. Históricamente el río ha convertido al municipio en el puerto comercial más importante del bajo Sinú. Desde la Conquista era por donde ingresaba la carga y mercancías desde Cartagena con destino al interior del país y a la vez salía el avituallamiento los productos del campo y el oro producto del despojo a que fue sometida la población indígena durante la ocupación española. El Sinú recorre el municipio en 48 kilómetros aproximadamente atravesándolo de sur a norte desde Cotocá hasta La Doctrina y dividiéndolo en dos grandes áreas: Margen Izquierda y Margen Derecha. Un sitio de pesca natural de especies como el bocachico y el bagre. Actualmente no se cuenta con actividades para el disfrute turístico del río.","Terrestre","Aguas lóticas","Río","Río","Río","9.226600  -75.815300","Pública"
"San Sebastián","Zona rural del municipio","San Sebastián de Urabá es un poblado de pescadores de la zona rural que bordea la Ciénaga Grande de Lorica. Centro de artesanos alfareros cuyas artesanías se caracterizan por ser elaboradas en arcilla (barro) tales como tinajas animales (gallinas –especialmente la guinea o “cocá”– hicoteas) jarras y alcancías. Entre los artesanos destaca la familia del pintor primitivista Marcial Alegría de reconocimiento mundial cuyas obras han sido expuestas en países como Alemania Italia Francia y Suiza como él mismo muestra los recortes de periódico que registran su fama. Se puede encontrar en su taller que lo registra bajo el letrero “Centro Cultural Primitivista Marcial Alegría”. El corregimiento celebra anualmente las festividades del 12 al 14 de octubre cuyo objetivo es mostrar la calidad de la producción artesanal de sus alfareros donde también participan artesanos de las otras poblaciones que hacen parte de la Ciénaga Grande. Además hay presentación de grupos musicales muestra de artesanía infantil y concursos de habilidad en canoas y atarrayas para los pescadores.","Terrestre","Patrimonio cultural material inmueble","Grupo urbano o rural","Sector urbano o rural de interés","Sector urbano de interés","9.226800  -75.788900","Pública"
"San Nicolás de Bari","Zona rural del municipio","Desde el año 1398 hasta 1545 fue habitado por resguardo indígena de Zenúes cuya lengua materna era la guajiba. Durante el año 1700 el resguardo recibió la visita de una embarcación proveniente de Italia con tres santos: San Bernardo del Viento San Sebastián y San Nicolás de Bari que apadrinaron un pueblo diferente cada uno de ellos. Actualmente la mayoría de las casas son de bareque con techo de palma y una mínima parte de material. La iglesia tiene la imagen de San Nicolás la virgen de la Candelaria un Cristo traído por los españoles durante la época de la colonia y una campana marcada especialmente para San Nicolás con fecha de 1794 además hay un sitio llamado La Peña de las Guacamayas del que se dice es el lugar más peligroso del Rio Sinú por sus remolinos asociado al mito del canto de las guacamayas como le ocurrió al vapor Sinú que naufragó. En este lugar los hermanos Pedro y Alonso de Heredia dejaron un fuerte militar hacia el año 1536. Se conservan hallazgos arqueológicos por parte de la comunidad catalogados y almacenados en vitrinas. Existe una marcada tradición indígena local en las artesanías a base de la hoja de enea (planta que nace en los humedales) representada en la elaboración de las tradicionales esteras y petates la cual ha permanecido durante más de 400 años y cada día se ha ido perfeccionando y diversificando y hoy se elaboran bolsos y carteras que son comercializados especialmente por fuera del municipio.","Terrestre","Patrimonio cultural material inmueble","Grupo urbano o rural","Sector urbano o rural de interés","Sector urbano de interés","9.247400  -75.881600","Pública"
"Centro Parroquial Pío XII","Carrera 18 No. 2 - 49","Edificado en dos plantas después de la iglesia en el callejón del antiguo cementerio en un terreno del que se dice se apropió el padre Lácides C. Bersal a nombre de la Iglesia que comunica las calles 17 y 18. Posee un espacio libre central enriquecido con columnas y arcos de medio punto que se comunica con todas las dependencias la casa cural y el atrio de la iglesia por el costado de la calle 17 fue construido con bloques en el sistema de muros de carga y columnas piso en mosaico de baldosa y reconstruido posteriormente cambiando la cubierta a teja de asbesto cemento. Actualmente presta sus servicios como la Casa Cural de iglesia principal.","Terrestre","Patrimonio cultural material inmueble","Grupo arquitectónico","Arquitectura religiosa","Conjunto parroquial","9.227200  -75.818900","Privada"
"Edificio Comercial Berenice Sotomayor de Pardo","Calle 1 No. 16 A - 96","Originalmente Banco Comercial Antioqueño data de 1957 y el estilo arquitectónico es moderno rompiendo el esquema republicano existente alrededor del parque central. Es un cuadrado en el que existe un entrepiso o mezzanine que le da doble altura a la primera planta para un total de tres pisos. Por su uso para atención al público las columnas se ubican estratégicamente dejando un amplio espacio interior. La fachada es en vidrio de acuerdo con el estilo arquitectónico conocido como “piel y hueso” de Mies Van de Rohe que se caracteriza por lo majestuoso. En el segundo piso el estilo se aleja de lo transparente que le da el vidrio a la primera planta con un balcón cubierto pero se mantiene la ventanería de vidrio para no romper con el equilibrio en la fachada. Se observa dividido en dos locales comerciales tipo supermercado con publicidad externa.","Terrestre","Patrimonio cultural material inmueble","Grupo arquitectónico","Arquitectura institucional","Arquitectura para el comercio","9.226600  -75.819300","Privada"
"Edificio Edilberto López","Calle 2A No. 20 - 06","Edificación de dos plantas que data del siglo XIX aunque fue remodelada en 1945. En el primer piso funcionan locales comerciales y en el segundo funcionaba la vivienda hoy convertida en bodega. Esquinero presenta un balcón corrido en cada una de las dos fachadas y en una de ellas un balcón dividido en dos que sugiere que no es la fachada original. En la primera planta unas arcadas de medio punto en una de las fachadas y en la otra fueron reemplazadas por columnas y vigas puertas y ventanas. El alero en concreto lo sostienen cartelas decorativas y estructurales a la vez. El frontis oculta la cubierta en zinc. Se encuentra pintado pero ha perdido los valores patrimoniales del primer piso excepto el piso en baldosa de cemento del corredor. El bien inmueble fue incluido entre los que hacen parte de la declaratoria de patrimonio del centro histórico por el Ministerio de Cultura.","Terrestre","Patrimonio cultural material inmueble","Grupo arquitectónico","Arquitectura habitacional","Vivienda urbana","9.226900  -75.817600","Privada"
"Edificio Ubaldo López","Calle 1 No. 16 A - 14","Inicialmente era el Edificio Lequerica que data de 1950. De dos plantas donde primero funcionó una piladora de arroz en la primera planta y la segunda era residencial como en la mayoría de bienes inmuebles del centro histórico. Ocupa toda una esquina por lo que consta de tres fachadas: frontal lateral y posterior esta última da al frente del río Sinú. Se destaca por sus balcones y su fachada de color blanco y vino tinto. Las ventanas son arcos de medio punto y si bien algunos elementos de las fachadas fueron cambiados por acabados más modernos la morfología y tipología de la edificación fue respetada por quienes hicieron las remodelaciones. Hoy en día fue recuperada la parte trasera de la edificación producto de las obras de urbanismo realizadas en el malecón. En la primera planta funciona un almacén de insumos agropecuarios y ha sido embellecido con un pequeño jardín de plantas en macetas. El bien inmueble fue incluido entre los que hacen parte de la declaratoria de patrimonio del centro histórico por el Ministerio de Cultura.","Terrestre","Patrimonio cultural material inmueble","Grupo arquitectónico","Arquitectura habitacional","Vivienda urbana","9.226300  -75.819900","Privada"
"Mural del Palacio Municipal","Calle 1 Bis # 17 - 54","Mural construido por el artista Adriano Ríos Sossa nativo de Lorica. Está ubicado en el Edificio González actual Alcaldía de Santa Cruz de Lorica en una pared lateral del patio central mural fabricado en barro. Cuenta de manera cronológica la historia de los principales acontecimientos que han marcado el devenir del municipio desde los indígenas pasando por la llegada de los españoles la traída de los primeros negros para ser esclavizados hasta la llegada de los primeros inmigrantes sirio-libaneses en la década de 1880. Este mural está construido por pequeñas piezas que arman un rompecabezas de alto valor artístico y patrimonial de 2mts de alto por 10mts de largo.","Terrestre","Patrimonio Cultural Mueble","Obras en espacio público","Relieve","Relieve","9.227100  -75.818700","Pública"
"Mural de la Casa de la Cultura","Calle 4 No. 18-12","Obra del artista local Adriano Ríos Sossa que se suma al mural del puerto al que se encuentra en el Palacio Muncipal y en el Palacio de las Trece Columnas. Se encuentra en las fachadas esquineras de la Casa de la Cultura con dos módulos de un lado y tres sobre el otro. De derecha a izquierda en sus dos primeros módulos muestra el devenir de la historia local empezando desde los asentamientos Zenúes y la llegada de los españoles continuando con las construcciones significativas como la iglesia puentes el palacio municipal fábricas y la llegada de los inmigrantes sirio libaneses que se asentaron en el municipio. En los siguientes tres módulos se muestra la urbanización de la ciudad en el siglo XX el aeropuerto el movimiento portuario festividades populares como las corralejas la actividad industrial la agitación y violencia política como también proyectos más recientes como la pavimentación del casco urbano y la planeación municipal. De varios tonos en color rojizo tal como queda el barro al secar.","Terrestre","Patrimonio Cultural Mueble","Obras en espacio público","Relieve","Relieve","9.228200  -75.818500","Pública"
"Casa de la Cultura","Calle 4 No. 18-12","Denominada “Eugenio Sánchez Cárdenas” la Casa de la Cultura fue construida en 1977 y su nueva sede reconstruida en 1983 proyecto del arquitecto Fabio Corrales. La construcción estuvo a cargo del ingeniero Herbert Kerguelen realizado con el apoyo del Instituto Colombiano de Cultura – COLCULTURA cuando el área de la cultura estaba a cargo del Ministerio de Educación. La Casa de la Cultura celebró sus bodas de plata en el año 2002 tal como reza una tablilla en la entrada. Sus instalaciones constan de un auditorio biblioteca sala de lectura salas de música y artes plásticas además de la administración y servicios. Actualmente se encuentra cerrada y desocupada. En su fachada se construyó un importante mural en arcilla cerámica a cargo del reconocido artista loriquero Adriano Ríos Sossa y se inició la siembra de un jardín vertical sin embargo este ya no existe. Fue escenario de exposiciones conferencias tertulias foros y encuentros que han servido no solo a los loriqueros sino también para los visitantes.","Terrestre","Patrimonio cultural material inmueble","Grupo arquitectónico","Arquitectura institucional","Edificación para la cultura","9.228200  -75.818500","Pública"
"Mural del Palacio de las Trece Columnas","Calle 4 No. 18-19","Mural que plasma con el barro traído de la Ciénaga Grande del Bajo Sinú las tradiciones de la región como la pesca la ganadería la agricultura la fiesta en corraleja las leyendas y el arte de la cerámica heredada de los indígenas Zenúes y conservada en San Sebastián un reconocido corregimiento ubicado a cinco kilómetros de Santa Cruz de Lorica donde parte de la población se dedica a la artesanía de barro y la alfarería. Es otro de los murales del artista Adriano Ríos Sossa considerados como una muestra clara de la narrativa histórica de Santa Cruz de lorica producto de la oralidad transmitida de generación en generación por los abuelos cuando el artista se traslada a comunidades como San Sebastián de Urabá o San Nicolás de Bari para conocer procesos como la técnica del barro cocido o investiga en los archivos históricos y fotográficos para conocer apartes de las épocas de la Conquista o la Colonia estableciendo imaginarios colectivos que para ilustrar sus imágenes. Investigadores como Juan Doria sitúan al artista a la altura de Débora Arango o Pedro Nel Gómez quienes toman la vivencia de su cultura y las inmortalizan a través del arte. Algunos de sus elementos constitutivos han sido objeto de las inclemencias del tiempo donde el agua lluvia ha manchado de negro el mural y deteriorado objetos del relieve como cuernos y vasijas.","Terrestre","Patrimonio Cultural Mueble","Obras en espacio público","Mural","Mural","9.228200  -75.818200","Pública"
"Mural de los Escritores","Calle 4 con carretera Troncal - esquina","Mural en piezas de cerámica de 20 x 20 centímetros a todo color que refleja pasajes de la vida y obra de los importantes escritores loriqueros como Manuel Zapata Olivella y David Sánchez Juliao destacándose dos personajes creados por este último como El Pachanga y El Flecha de los cuales se muestran algunas imágenes de ellos y relativas al entorno en que se movían los personajes. También se muestran aspectos del territorio como los caimanes del río pájaros y aves y ecosistema de manglares aunque este último no es propio del territorio del municipio.","Terrestre","Patrimonio Cultural Mueble","Obras en espacio público","Mural","Mural","9.227100  -75.814800","Pública"
"Edificio Pilador Lorica","Calle 1 No. 21 - 02","Data de 1950 conocido como el Pilador Sansón. Esquinero consta de una edificación de una planta en forma de vivienda adosada a una edificación de una planta que muestra una bodega y una torreta de tres pisos que en su interior alberga los equipos de pilado. Su uso era industrial y su objetivo era el procesamiento del arroz a través del pilado que es cuando se le quita la cáscara al grano. Cuando dio inicio en 2005 al proceso de recuperación del Centro Histórico de Lorica se propuso el proyecto “Centro Comercial Patios del Pilador” para trasladar y reubicar a 220 vendedores estacionarios informales pero después de varias reuniones de concertación no fue aceptado. La edificación actualmente se encuentra abandonada.","Terrestre","Patrimonio cultural material inmueble","Grupo arquitectónico","Arquitectura institucional","Arquitectura para la industria","9.225800  -75.823700","Privada"
"Plaza de la Concordia","Entre carreras 18 y 19 con calle 2 A","Levantada en un terreno cedido en su momento a finales del Siglo XIX por los hermanos Martínez Sossa terratenientes de la región. Está enmarcada por tres grandes y significativos edificios de arquitectura republicana como el Josefina Jattin de Manzur el Fernando Usme Alarcón y el de los sucesores de Julia Jattin Jattin junto con otras edificaciones menos representativas y consideradas no patrimoniales. Con un área de 1200 M2 fue donde inicialmente se exponían artesanías de la región. En 1958 se instaló el busto del señor Gabriel Martínez Sossa benefactor del municipio y uno de quienes donó el terreno donde está la plaza. Mantiene su importancia histórica y en el pasado fue utilizada como sitio de exposición de artesanía local. Actualmente es un lugar netamente comercial donde se presenta ocupación del espacio público en sus alrededores.","Terrestre","Patrimonio cultural material inmueble","Grupo urbano o rural","Elementos del espacio público","Plaza","9.226900  -75.818200","Pública"
"Plaza del Pastelillo","Calle 1 Bis con carreras 19 y 20 A","La plaza del Pastelillo es de un área reducida de unos 140 M2. Si bien es una pequeña plazoleta siempre se le ha denominado como Plaza desde mucho antes de la construcción del edificio Afife Matuk que se encuentra frente a ella por ser un sitio que servía de atracadero de embarcaciones y chalupas que navegaban el río. Ha sido objeto de embellecimiento y urbanismo encontrándose señalizada arborizada con materas bancas y canecas de basura. Cuenta con un mirador hacia el río Sinú y un espacio para embarque directo en el río. Es un punto de encuentro permanente de la comunidad. Hace parte del área del centro histórico objeto de declaratoria de patrimonio por parte del Ministerio de Cultura.","Terrestre","Patrimonio cultural material inmueble","Grupo urbano o rural","Elementos del espacio público","Plazoleta","9.226000  -75.818300","Pública"
"Busto de Enrique Olaya Herrera","Calle 1 con carrera 16","Erigido por el Concejo en febrero 9 de 1968 siendo alcalde Carlos Calao Pérez como parte del homenaje al que fuera presidente de la República de quien se conserva una calle también con su nombre justo donde está ubicado el busto. Es una figura en mármol de unos 60 cmts de alto ubicada sobre un pedestal de granito de 1.20 mts aproximadamente en que se observa al homenajeado con la banda presidencial y el escudo nacional con una mirada hacia el frente como mirando al horizonte.","Terrestre","Patrimonio Cultural Mueble","Obras en espacio público","Busto","Busto","9.226500  -75.820300","Pública"
"Busto de Gabriel Martínez Sossa","Calles 2 y 2 A con carreras 18 y 19","Construido en piedra de mármol pulido montado sobre un pedestal también de este mismo material. En sus cuatro caras rezan las siguientes leyendas: “Lorica a la memoria de su dilecto hijo GABRIEL MARTÍNEZ S” “Honrar el mérito es la más bella forma de ser justo” “El pueblo que honra a un hijo distinguido sólo se honra a sí mismo” y “Deseo que mis huesos reposen para siempre en esta tierra cara a mi corazón si muero ausente de ella pido a mis amigos los repatríen. Gabriel Martínez S”. Ubicado en la Plaza de la Concordia terreno cedido a finales del Siglo XIX por la familia Martínez Sossa.","Terrestre","Patrimonio Cultural Mueble","Obras en espacio público","Busto","Busto","9.227900  -75.822000","Pública"
"Busto de Jesús María Lugo","Carrera 17 con calle 4","De color café ubicada sobre un pedestal de piedra y mármol. Fue levantada en honor del General Jesús María Lugo en el separador central de la avenida del mismo nombre que además fue el primer tramo en doble calzada del municipio de Lorica. En su placa en mármol se lee: “Lorica a un noble y generoso hijo suyo que hizo del valor la prudencia y el patriotismo el tema de su meritoria vida. Al general Jesús María Lugo. 1959 – 1927”.","Terrestre","Patrimonio Cultural Mueble","Obras en espacio público","Busto","Busto","9.228100  -75.819100","Pública"
"Reloj de Sol","Carrera 25 con diagonal 8 en la carretera Troncal","Consiste en una placa de concreto de 80 centimetros de ancho por 2 metros de alto inclinado unos pocos grados antes de la verticalidad total. En su parte superior están marcadas las horas del día de 6 a 6 con subdivisiones cada media hora que va marcando la sombra que da el sol de acuerdo con su movimiento sobre la bóveda celeste. Por el lado frontal marca durante las horas de la mañana y por el trasero durante la tarde. Enmarcada en un pequeño espacio circular demarcado con doce bolardos pequeños de unos 50 centimetros de alto para garantizar su aislamiento y significado y éstos a su vez dentro de un área delimitada por andenes en concreto y bolardos de acceso al andén.","Terrestre","Patrimonio Cultural Mueble","Obras en espacio público","Reloj","Reloj","9.231900  -75.814500","Pública"
"Caño Aguas Prietas","Pasa por nuestro municipio","Investigaciones realizadas sitúan los orígenes del Caño Aguas Prietas hace unos 50 mil años en el período Pleistoceno siendo el lugar por donde primero corrió el Río Sinú antes de ocupar su actual cauce. El color oscuro o “prieto” de sus aguas resultado de la materia orgánica del suelo lodoso le dio el nombre actual. Hoy es lo que queda de la antigua comunicación lagunar por el bajo Sinú a través de la Ciénaga Grande desde el municipio de Lorica comunicándose con Ciénaga de Oro Chimá Momil y Purísima por donde entraban y salían barcazas de comercio con Cartagena y el resto de la costa Caribe. Sigue siendo un lugar de pesca pero los locales han visto desaparecer especies como hicoteas babillas manatíes o ponches.","Terrestre","Aguas lóticas","Arroyo o riachuelo","Arroyo o riachuelo","Arroyo o riachuelo","9.226600  -75.815900","Pública"
"Caño Chimalito","Carrera 17 con carrera 25","Presenta agua permanente durante la estación de invierno cuando la ciénaga de Juan Lara donde nace le introduce agua y mantiene corriente constante. En el tramo que atraviesa el municipio especialmente a ambos lados del puente 20 de Julio durante todo el año presenta un fenómeno propio del caño que tiene que ver con la presencia de las plantas acuáticas conocidas como buchón o tarulla que prácticamente cubren la superficie del agua en el tramo en el sector mencionado causadas por la constante presencia de aguas residuales. Aguas arriba se llega a la ciénaga de Juan Lara que se considera una ampliación del Caño Chimalito su principal efluente. Es utilizado por pescadores en algunos tramos sin embargo en el sector sobre el casco urbano caño no es navegable.","Terrestre","Aguas lóticas","Arroyo o riachuelo","Arroyo o riachuelo","Arroyo o riachuelo","9.229200  -75.816700","Pública"
"Cruz de Piedra","Carrera 26 con calle 18","Construido en el año 1950 para según la comunidad “realizar un exorcismo que les diera paz eterna a los protagonistas de un accidente que sucedió en ese lugar” y que según la creencia popular no habían podido lograr el descanso eterno. Según las versiones populares dos compadres no se pusieron de acuerdo para compartir una cabeza de bocachico y luego de la discusión se fueron a los golpes y desenfundando armas blancas dieron muerte el uno al otro al mismo tiempo.  Como en aquel tiempo la vía donde se encuentra era un lugar obligatorio de salida del municipio por el camino real antes de que construyeran las carreteras todo aquel que pasaba por allí manifestaba ver la escena y se horrorizaban con la misma. Luego fue construida la “Cruz de Piedra” y se le dio ese nombre porque los transeúntes arrojaban piedras al sitio y se logró acumular un gran número de ellas alrededor.","Terrestre","Patrimonio Cultural Mueble","Obras en espacio público","Cruz","Cruz","9.238800  -75.812300","Pública"
"Centro Cultural Primitivista Marcial Alegría","C 2 20B 15","El Centro Cultural Primitivista Marcial Alegría es un espacio adaptado en la vivienda de este artista donde se pueden apreciar múltiples pinturas conservadas de distintas etapas de su vida como también otras más recientes para la venta. Junto a las pinturas también se encuentra una amplia muestra de artesanías en barro cocido. Muchas de sus obras recogen la cotidianidad de la comunidad loriquera como corralejas el mercado la calle del pueblo diarios aconteceres como la cocina las bodas la pesca o las lavanderas las cuales han sido expuestas en países como Alemania Italia Francia Suiza entre otros. Cabe resaltar que Marcial Alegría Garcés el más consagrado de los pintores primitivistas y el más representativo de los colombianos que pintan con ese estilo.","Terrestre","Patrimonio cultural material inmueble","Grupo arquitectónico","Arquitectura institucional","Edificación para la cultura","9.226800  -75.788900","Privada"
"Obelisco en Homenaje a la Lengua Castellana","Calle 2 con carrera 24","Este monumento ha sido objeto de obras de urbanismo para mejoramiento integral del entorno. Consta de un obelisco en material de aluminio con una estructura hueca en la que por sus cuatro caras se ven letras del alfabeto árabe en altos relieves que resaltan sobre los elementos verticales del obelisco que se encuentra sobre un pedestal de 80 x 80 centímetros en el que se por sus cuatro caras se observan palabras del idioma español que han sido aportadas por el idioma árabe. El espacio se encuentra sobre un pavimento en adoquines con canecas de basura bancas jardines iluminación nocturna y señalización peatonal al igual que una baranda en madera corrida sobre el borde del Río Sinú y una escalera para el acceso directo desde embarcaciones.","Terrestre","Patrimonio Cultural Mueble","Obras en espacio público","Monumento","Monumento","9.228000  -75.816600","Pública"
